{
	"$schema": "https://biomejs.dev/schemas/1.9.4/schema.json",
	"organizeImports": {
		"enabled": true
	},
	"formatter": {
		"enabled": true,
		"formatWithErrors": false,
		"indentStyle": "space",
		"indentWidth": 4,
		"lineEnding": "lf",
		"lineWidth": 100,
		"attributePosition": "auto"
	},
	"linter": {
		"enabled": true,
		"rules": {
			"recommended": true,
			"suspicious": {
				"noExplicitAny": "warn"
			}
		}
	},
	"javascript": {
		"formatter": {
			"jsxQuoteStyle": "double",
			"quoteProperties": "asNeeded",
			"trailingCommas": "all",
			"semicolons": "always",
			"arrowParentheses": "always",
			"bracketSpacing": true,
			"bracketSameLine": false,
			"quoteStyle": "single",
			"attributePosition": "auto"
		}
	}
}
